object_location,image_small,image_thumb
/objects/2022_004.jpg,/objects/small/2022_004_sm.jpg,/objects/thumbs/2022_004_th.jpg
/objects/2022_010.png,/objects/small/2022_010_sm.jpg,/objects/thumbs/2022_010_th.jpg
/objects/2022_005.jpg,/objects/small/2022_005_sm.jpg,/objects/thumbs/2022_005_th.jpg
/objects/2022_011.jpg,/objects/small/2022_011_sm.jpg,/objects/thumbs/2022_011_th.jpg
/objects/2022_007.jpg,/objects/small/2022_007_sm.jpg,/objects/thumbs/2022_007_th.jpg
/objects/2022_013.png,/objects/small/2022_013_sm.jpg,/objects/thumbs/2022_013_th.jpg
/objects/2022_012.png,/objects/small/2022_012_sm.jpg,/objects/thumbs/2022_012_th.jpg
/objects/2022_006.jpg,/objects/small/2022_006_sm.jpg,/objects/thumbs/2022_006_th.jpg
/objects/2022_002.jpg,/objects/small/2022_002_sm.jpg,/objects/thumbs/2022_002_th.jpg
/objects/2022_003.jpg,/objects/small/2022_003_sm.jpg,/objects/thumbs/2022_003_th.jpg
/objects/2022_001.jpg,/objects/small/2022_001_sm.jpg,/objects/thumbs/2022_001_th.jpg
/objects/2020_016.jpg,/objects/small/2020_016_sm.jpg,/objects/thumbs/2020_016_th.jpg
/objects/2020_002.png,/objects/small/2020_002_sm.jpg,/objects/thumbs/2020_002_th.jpg
/objects/2020_001.pdf,/objects/small/2020_001_sm.jpg,/objects/thumbs/2020_001_th.jpg
/objects/2020_003.jpg,/objects/small/2020_003_sm.jpg,/objects/thumbs/2020_003_th.jpg
/objects/2020_017.jpg,/objects/small/2020_017_sm.jpg,/objects/thumbs/2020_017_th.jpg
/objects/2020_015.jpg,/objects/small/2020_015_sm.jpg,/objects/thumbs/2020_015_th.jpg
/objects/2020_014.jpg,/objects/small/2020_014_sm.jpg,/objects/thumbs/2020_014_th.jpg
/objects/2020_010.jpg,/objects/small/2020_010_sm.jpg,/objects/thumbs/2020_010_th.jpg
/objects/2020_004.png,/objects/small/2020_004_sm.jpg,/objects/thumbs/2020_004_th.jpg
/objects/2020_006.pdf,/objects/small/2020_006_sm.jpg,/objects/thumbs/2020_006_th.jpg
/objects/2020_011.jpg,/objects/small/2020_011_sm.jpg,/objects/thumbs/2020_011_th.jpg
/objects/2020_005.jpg,/objects/small/2020_005_sm.jpg,/objects/thumbs/2020_005_th.jpg
/objects/2020_013.JPG,/objects/small/2020_013_sm.jpg,/objects/thumbs/2020_013_th.jpg
/objects/2020_007.jpg,/objects/small/2020_007_sm.jpg,/objects/thumbs/2020_007_th.jpg
/objects/2020_004.pdf,/objects/small/2020_004_sm.jpg,/objects/thumbs/2020_004_th.jpg
/objects/2020_012.jpg,/objects/small/2020_012_sm.jpg,/objects/thumbs/2020_012_th.jpg
/objects/2020_023.jpg,/objects/small/2020_023_sm.jpg,/objects/thumbs/2020_023_th.jpg
/objects/2022_011.gif,,
/objects/2020_022.jpg,/objects/small/2020_022_sm.jpg,/objects/thumbs/2020_022_th.jpg
/objects/2020_008.jpg,/objects/small/2020_008_sm.jpg,/objects/thumbs/2020_008_th.jpg
/objects/2020_020.jpg,/objects/small/2020_020_sm.jpg,/objects/thumbs/2020_020_th.jpg
/objects/2020_021.jpg,/objects/small/2020_021_sm.jpg,/objects/thumbs/2020_021_th.jpg
/objects/2020_009.jpg,/objects/small/2020_009_sm.jpg,/objects/thumbs/2020_009_th.jpg
/objects/2020_025.jpg,/objects/small/2020_025_sm.jpg,/objects/thumbs/2020_025_th.jpg
/objects/2020_019.jpg,/objects/small/2020_019_sm.jpg,/objects/thumbs/2020_019_th.jpg
/objects/2020_018.jpg,/objects/small/2020_018_sm.jpg,/objects/thumbs/2020_018_th.jpg
/objects/2020_024.jpg,/objects/small/2020_024_sm.jpg,/objects/thumbs/2020_024_th.jpg
/objects/2020_026.jpg,/objects/small/2020_026_sm.jpg,/objects/thumbs/2020_026_th.jpg
/objects/2020_027.jpg,/objects/small/2020_027_sm.jpg,/objects/thumbs/2020_027_th.jpg
/objects/2022_008.jpg,/objects/small/2022_008_sm.jpg,/objects/thumbs/2022_008_th.jpg
/objects/2022_009.jpg,/objects/small/2022_009_sm.jpg,/objects/thumbs/2022_009_th.jpg
